"Path","Title","Module","Importance"
"有机化学\共轭效应.md","共轭效应","有机化学","5"
"有机化学\前线轨道理论.md","前线轨道理论","有机化学","5"
"有机化学\亲核体与亲电体.md","亲核体与亲电体","有机化学","5"
"有机化学\σ迁移反应.md","σ迁移反应","有机化学","5"
"有机化学\中间体.md","中间体","有机化学","5"
"有机化学\反应势能图.md","反应势能图","有机化学","5"
"有机化学\氧化还原反应.md","氧化还原反应","有机化学","5"
"有机化学\消除反应.md","消除反应","有机化学","5"
"有机化学\构象异构.md","构象异构","有机化学","5"
"有机化学\吡啶化学.md","吡啶化学","有机化学","5"
"有机化学\影响亲核性的因素.md","影响亲核性的因素","有机化学","5"
"有机化学\Wolff-Kishner还原.md","Wolff-Kishner还原","有机化学","5"
"有机化学\Mannich反应.md","Mannich反应","有机化学","5"
"有机化学\Fischer吲哚合成.md","Fischer吲哚合成","有机化学","5"
"有机化学\Lewis式.md","Lewis式","有机化学","5"
"有机化学\Grossman规则.md","Grossman规则","有机化学","5"
"有机化学\Heck反应.md","Heck反应","有机化学","5"
"有机化学\Paal-Knorr合成.md","Paal-Knorr合成","有机化学","5"
"有机化学\Suzuki偶联.md","Suzuki偶联","有机化学","5"
"有机化学\Wittig反应.md","Wittig反应","有机化学","5"
"有机化学\Curtius重排.md","Curtius重排","有机化学","5"
"有机化学\Diels-Alder反应.md","Diels-Alder反应","有机化学","5"
"有机化学\SEAr定位规则.md","SEAr定位规则","有机化学","5"
"有机化学\马氏规则.md","马氏规则","有机化学","5"
"有机化学\诱导效应.md","诱导效应","有机化学","5"
"有机化学\超共轭效应.md","超共轭效应","有机化学","5"
"有机化学\立体化学.md","立体化学","有机化学","5"
"有机化学\自由基.md","自由基","有机化学","5"
"有机化学\臭氧化反应.md","臭氧化反应","有机化学","5"
"有机化学\重氮化合物.md","重氮化合物","有机化学","5"
"有机化学\重氮盐.md","重氮盐","有机化学","5"
"有机化学\鎓离子.md","鎓离子","有机化学","5"
"有机化学\过氧化物效应.md","过氧化物效应","有机化学","5"
"有机化学\Aldol缩合.md","Aldol缩合","有机化学","5"
"有机化学\1,2-迁移与重排.md","1,2-迁移与重排","有机化学","5"
"有机化学\Beckmann重排.md","Beckmann重排","有机化学","5"
"有机化学\直接加成与共轭加成.md","直接加成与共轭加成","有机化学","5"
"有机化学\电环化反应.md","电环化反应","有机化学","5"
"有机化学\硼氢化反应.md","硼氢化反应","有机化学","5"
"有机化学\芳香性.md","芳香性","有机化学","5"
"有机化学\Baeyer-Villiger重排.md","Baeyer-Villiger重排","有机化学","5"
"有机化学\离去基与pKa.md","离去基与pKa","有机化学","5"
"有机化学\碳正离子.md","碳正离子","有机化学","5"
"有机化学\Gabriel合成.md","Gabriel合成","有机化学","4"
"有机化学\Birch还原.md","Birch还原","有机化学","4"
"有机化学\Bischler-Napieralski反应.md","Bischler-Napieralski反应","有机化学","4"
"有机化学\Dyotropic重排.md","Dyotropic重排","有机化学","4"
"有机化学\Corey-Chaykovsky反应.md","Corey-Chaykovsky反应","有机化学","4"
"有机化学\Cope重排.md","Cope重排","有机化学","4"
"有机化学\Claisen重排.md","Claisen重排","有机化学","4"
"有机化学\Cannizzaro反应.md","Cannizzaro反应","有机化学","4"
"有机化学\Baldwin规则.md","Baldwin规则","有机化学","4"
"有机化学\Dess-Martin氧化.md","Dess-Martin氧化","有机化学","4"
"有机化学\Arbuzov反应.md","Arbuzov反应","有机化学","4"
"有机化学\Grob碎裂化反应.md","Grob碎裂化反应","有机化学","4"
"有机化学\烯烃复分解.md","烯烃复分解","有机化学","4"
"有机化学\环氧化反应.md","环氧化反应","有机化学","4"
"有机化学\双羟化反应.md","双羟化反应","有机化学","4"
"有机化学\炔烃.md","炔烃","有机化学","4"
"有机化学\硬软亲核试剂.md","硬软亲核试剂","有机化学","4"
"有机化学\过碘酸氧化.md","过碘酸氧化","有机化学","4"
"有机化学\邻二醇切断.md","邻二醇切断","有机化学","4"
"有机化学\离子对机理.md","离子对机理","有机化学","4"
"有机化学\质子转移可行性.md","质子转移可行性","有机化学","4"
"有机化学\Pictet-Spengler反应.md","Pictet-Spengler反应","有机化学","4"
"有机化学\Prevost反应与Woodward反应.md","Prevost反应与Woodward反应","有机化学","4"
"有机化学\Larock吲哚合成.md","Larock吲哚合成","有机化学","4"
"有机化学\Mitsunobu反应.md","Mitsunobu反应","有机化学","4"
"有机化学\Robinson环化.md","Robinson环化","有机化学","4"
"有机化学\Wacker氧化.md","Wacker氧化","有机化学","4"
"有机化学\卡宾.md","卡宾","有机化学","4"
"有机化学\Skraup合成.md","Skraup合成","有机化学","4"
"有机化学\Swern氧化.md","Swern氧化","有机化学","4"
"无机和结构化学\填隙.md","填隙","无机和结构化学","5"
"无机和结构化学\氮族元素.md","氮族元素","无机和结构化学","5"
"无机和结构化学\钙钛矿型结构.md","钙钛矿型结构","无机和结构化学","5"
"无机和结构化学\卤素.md","卤素","无机和结构化学","5"
"无机和结构化学\铜.md","铜","无机和结构化学","5"
"无机和结构化学\铁.md","铁","无机和结构化学","5"
"无机和结构化学\金刚石型结构.md","金刚石型结构","无机和结构化学","5"
"无机和结构化学\晶胞投影图分析.md","晶胞投影图分析","无机和结构化学","5"
"无机和结构化学\立方ZnS型结构.md","立方ZnS型结构","无机和结构化学","5"
"无机和结构化学\氧化加成与还原消除.md","氧化加成与还原消除","无机和结构化学","5"
"无机和结构化学\氧族元素.md","氧族元素","无机和结构化学","5"
"无机和结构化学\稀有气体化合物.md","稀有气体化合物","无机和结构化学","5"
"无机和结构化学\等径球堆积.md","等径球堆积","无机和结构化学","5"
"无机和结构化学\砷.md","砷","无机和结构化学","5"
"无机和结构化学\NaCl型结构.md","NaCl型结构","无机和结构化学","5"
"无机和结构化学\锰.md","锰","无机和结构化学","5"
"无机和结构化学\硅基保护基.md","硅基保护基","无机和结构化学","5"
"无机和结构化学\高价化合物的成键.md","高价化合物的成键","无机和结构化学","5"
"无机和结构化学\主族元素无机箭头推动法.md","主族元素无机箭头推动法","无机和结构化学","5"
"无机和结构化学\铬.md","铬","无机和结构化学","5"
"无机和结构化学\六方密堆积.md","六方密堆积","无机和结构化学","5"
"无机和结构化学\SN2-Si机理.md","SN2-Si机理","无机和结构化学","5"
"无机和结构化学\磷.md","磷","无机和结构化学","5"
"无机和结构化学\石墨结构.md","石墨结构","无机和结构化学","5"
"无机和结构化学\碱金属.md","碱金属","无机和结构化学","4"
"无机和结构化学\离子晶体.md","离子晶体","无机和结构化学","4"
"无机和结构化学\碳族元素.md","碳族元素","无机和结构化学","4"
"无机和结构化学\锡.md","锡","无机和结构化学","4"
"无机和结构化学\锌.md","锌","无机和结构化学","4"
"无机和结构化学\镍.md","镍","无机和结构化学","4"
"无机和结构化学\高价碘试剂.md","高价碘试剂","无机和结构化学","4"
"无机和结构化学\难溶物.md","难溶物","无机和结构化学","4"
"无机和结构化学\配体交换反应.md","配体交换反应","无机和结构化学","4"
"无机和结构化学\缔合-离解过程.md","缔合-离解过程","无机和结构化学","4"
"无机和结构化学\钴.md","钴","无机和结构化学","4"
"无机和结构化学\银.md","银","无机和结构化学","4"
"无机和结构化学\铝.md","铝","无机和结构化学","4"
"无机和结构化学\碱土金属.md","碱土金属","无机和结构化学","4"
"无机和结构化学\原子坐标参数.md","原子坐标参数","无机和结构化学","4"
"无机和结构化学\单质制备方法.md","单质制备方法","无机和结构化学","4"
"无机和结构化学\原子晶体.md","原子晶体","无机和结构化学","4"
"无机和结构化学\惰性对效应.md","惰性对效应","无机和结构化学","4"
"无机和结构化学\天然冰结构.md","天然冰结构","无机和结构化学","4"
"无机和结构化学\CsCl型结构.md","CsCl型结构","无机和结构化学","4"
"无机和结构化学\CaF2型结构.md","CaF2型结构","无机和结构化学","4"
"无机和结构化学\二氧化硅结构.md","二氧化硅结构","无机和结构化学","4"
"无机和结构化学\体心立方堆积.md","体心立方堆积","无机和结构化学","4"
"无机和结构化学\价态-氧化态-形式电荷.md","价态-氧化态-形式电荷","无机和结构化学","4"
"无机和结构化学\汞.md","汞","无机和结构化学","4"
"无机和结构化学\氧化物.md","氧化物","无机和结构化学","4"
"无机和结构化学\点阵类型.md","点阵类型","无机和结构化学","4"
"无机和结构化学\硼族元素.md","硼族元素","无机和结构化学","4"
"无机和结构化学\硅.md","硅","无机和结构化学","4"
"无机和结构化学\无机酸.md","无机酸","无机和结构化学","4"
"无机和结构化学\方酸.md","方酸","无机和结构化学","4"
"无机和结构化学\普鲁士蓝与滕氏蓝.md","普鲁士蓝与滕氏蓝","无机和结构化学","4"
"无机和结构化学\氢.md","氢","无机和结构化学","4"
"无机和结构化学\晶格能.md","晶格能","无机和结构化学","4"
"决赛要求\结构与配位深化\原子结构深化.md","原子结构深化","决赛要求","5"
"决赛要求\结构与配位深化\分子结构深化.md","分子结构深化","决赛要求","5"
"决赛要求\结构与配位深化\高自旋与低自旋.md","高自旋与低自旋","决赛要求","5"
"决赛要求\结构与配位深化\配合物稳定性.md","配合物稳定性","决赛要求","5"
"决赛要求\结构与配位深化\晶体场理论.md","晶体场理论","决赛要求","5"
"决赛要求\结构与配位深化\多电子原子能级.md","多电子原子能级","决赛要求","5"
"决赛要求\金属有机与超分子\金属有机化学深化.md","金属有机化学深化","决赛要求","5"
"决赛要求\金属有机与超分子\催化循环入门.md","催化循环入门","决赛要求","5"
"决赛要求\物理化学深化\相律与相图.md","相律与相图","决赛要求","5"
"决赛要求\金属有机与超分子\主客体化学.md","主客体化学","决赛要求","4"
"决赛要求\物理化学深化\Boltzmann统计初步.md","Boltzmann统计初步","决赛要求","4"
"决赛要求\金属有机与超分子\超分子作用力.md","超分子作用力","决赛要求","4"
"决赛要求\物理化学深化\酶催化.md","酶催化","决赛要求","4"
"决赛要求\物理化学深化\表面与界面化学.md","表面与界面化学","决赛要求","4"
"决赛要求\物理化学深化\胶体与表面活性剂.md","胶体与表面活性剂","决赛要求","4"
"决赛要求\结构与配位深化\分子对称性初步.md","分子对称性初步","决赛要求","4"
"决赛要求\结构与配位深化\Jahn-Teller效应.md","Jahn-Teller效应","决赛要求","4"
"决赛要求\结构与配位深化\Bohr模型计算.md","Bohr模型计算","决赛要求","4"
"化学原理\共价键.md","共价键","化学原理","5"
"化学原理\元素周期律.md","元素周期律","化学原理","5"
"化学原理\VSEPR理论.md","VSEPR理论","化学原理","5"
"化学原理\反应级数.md","反应级数","化学原理","5"
"化学原理\原子轨道.md","原子轨道","化学原理","5"
"化学原理\速率方程.md","速率方程","化学原理","5"
"化学原理\Dalton分压定律.md","Dalton分压定律","化学原理","5"
"化学原理\Brønsted酸碱理论.md","Brønsted酸碱理论","化学原理","5"
"化学原理\缓冲溶液.md","缓冲溶液","化学原理","5"
"化学原理\pH.md","pH","化学原理","5"
"化学原理\Nernst方程.md","Nernst方程","化学原理","5"
"化学原理\Lewis酸碱理论.md","Lewis酸碱理论","化学原理","5"
"化学原理\反应速率.md","反应速率","化学原理","5"
"化学原理\电负性.md","电负性","化学原理","5"
"化学原理\标准电极电势.md","标准电极电势","化学原理","5"
"化学原理\高自旋与低自旋.md","高自旋与低自旋","化学原理","5"
"化学原理\熵.md","熵","化学原理","5"
"化学原理\焓.md","焓","化学原理","5"
"化学原理\活化能.md","活化能","化学原理","5"
"化学原理\酸碱平衡.md","酸碱平衡","化学原理","5"
"化学原理\配合物杂化轨道理论.md","配合物杂化轨道理论","化学原理","5"
"化学原理\离域π键.md","离域π键","化学原理","4"
"化学原理\稳定常数.md","稳定常数","化学原理","4"
"化学原理\离子键.md","离子键","化学原理","4"
"化学原理\键角.md","键角","化学原理","4"
"化学原理\键能.md","键能","化学原理","4"
"化学原理\配位键.md","配位键","化学原理","4"
"化学原理\配合物几何构型.md","配合物几何构型","化学原理","4"
"化学原理\配合物异构.md","配合物异构","化学原理","4"
"化学原理\金属键.md","金属键","化学原理","4"
"化学原理\范德华力.md","范德华力","化学原理","4"
"化学原理\螯合物.md","螯合物","化学原理","4"
"化学原理\键级.md","键级","化学原理","4"
"化学原理\原电池.md","原电池","化学原理","4"
"化学原理\反应商.md","反应商","化学原理","4"
"化学原理\标准生成焓.md","标准生成焓","化学原理","4"
"化学原理\疏水相互作用.md","疏水相互作用","化学原理","4"
"化学原理\共轭酸碱对.md","共轭酸碱对","化学原理","4"
"化学原理\σ键.md","σ键","化学原理","4"
"化学原理\分子极性.md","分子极性","化学原理","4"
"化学原理\盖斯定律.md","盖斯定律","化学原理","4"
"化学原理\电离能.md","电离能","化学原理","4"
"化学原理\电解池.md","电解池","化学原理","4"
"化学原理\π键.md","π键","化学原理","4"
"化学原理\溶液浓度.md","溶液浓度","化学原理","4"
"化学原理\溶解度.md","溶解度","化学原理","4"
"化学原理\理想气体.md","理想气体","化学原理","4"
"分析化学\酸碱滴定.md","酸碱滴定","分析化学","5"
"分析化学\络合滴定.md","络合滴定","分析化学","5"
"分析化学\氧化还原滴定.md","氧化还原滴定","分析化学","5"
"分析化学\滴定曲线.md","滴定曲线","分析化学","5"
"分析化学\指示剂.md","指示剂","分析化学","4"
"分析化学\标准溶液.md","标准溶液","分析化学","4"
"分析化学\沉淀滴定.md","沉淀滴定","分析化学","4"
"分析化学\基准物质.md","基准物质","分析化学","4"
"分析化学\精密度.md","精密度","分析化学","4"
"分析化学\误差.md","误差","分析化学","4"
"分析化学\准确度.md","准确度","分析化学","4"
"分析化学\偏差.md","偏差","分析化学","4"
